{
    "Task": "spraying",
    "seconds": [
        0,
        29.689337940113823,
        67.15041444736514,
        82.55786895930538,
        98.09090244201035,
        137.1372646251695,
        169.35013790431816,
        171.08861544210208,
        214.35413219476905,
        248.53307689233662,
        270.3819363829061,
        308.1440980594068,
        350.24368800593254,
        378.0435975787792,
        418.5146126838299,
        435.8825403499772,
        466.3626006767977,
        473.1173842341323,
        503.4082362838614,
        525.6868853096088
    ],
    "amps": [
        0.0071826616608944745,
        0.006212019723131576,
        0.006543951568431519,
        0.007635880275320507,
        0.0064682793566961045,
        0.007210862213672752,
        0.007872111977869956,
        0.0064733832342372104,
        0.007735660549117865,
        0.006270960794021754,
        0.00711942705332014,
        0.007104128651365963,
        0.007509899574704939,
        0.007312988199815762,
        0.006633347413307897,
        0.0074473317337571095,
        0.006509443258674287,
        0.006461064518293982,
        0.007845544169719198,
        0.006142445641706843
    ],
    "volt": [
        12.084153877652465,
        12.088401610660656,
        12.032116481514883,
        12.022506457586845,
        12.08930328259934,
        12.043628762677747,
        12.040531663924593,
        12.074089039432822,
        12.096604041569844,
        12.084245424936075,
        12.08599619652436,
        12.069224401691269,
        12.03870827126942,
        12.039025241471489,
        12.052408935416574,
        12.01354060577509,
        12.016761362198888,
        12.045510682357056,
        12.009042291737007,
        12.074735613219895
    ]
}